{
  "actions": [
    "nothing",
    "left_squeeze",
    "right_squeeze",
    "eye_blink"
  ],
  "backend": "modal-cpu",
  "config": {
    "channels": [
      0,
      1,
      2,
      3,
      4,
      5,
      6,
      7
    ],
    "clip": 3.0,
    "epochs": 18,
    "features": [
      "mean",
      "std",
      "energy",
      "mu",
      "beta"
    ],
    "l2": 0.0002,
    "learning_rate": 0.025,
    "model": "softmax",
    "smooth": 1,
    "window_size": 32,
    "window_start": 0
  },
  "data_path": [
    "/Users/shreybirmiwal/projects/modalhack/bci-sdk/data/blink_prod.csv",
    "/Users/shreybirmiwal/projects/modalhack/bci-sdk/data/blink_prod2.csv",
    "/Users/shreybirmiwal/projects/modalhack/bci-sdk/data/left_prod.csv",
    "/Users/shreybirmiwal/projects/modalhack/bci-sdk/data/left_prod2.csv",
    "/Users/shreybirmiwal/projects/modalhack/bci-sdk/data/right_prod.csv",
    "/Users/shreybirmiwal/projects/modalhack/bci-sdk/data/right_prod2.csv"
  ],
  "dataset_id": "bff1f19f7ffc2eb6",
  "label_counts": {
    "eye_blink": 12,
    "left_squeeze": 11,
    "nothing": 4176,
    "right_squeeze": 18
  },
  "model": {
    "centroids": [],
    "config": {
      "channels": [
        0,
        1,
        2,
        3,
        4,
        5,
        6,
        7
      ],
      "class_weight": "sqrt_balanced",
      "clip": 3.0,
      "epochs": 18,
      "features": [
        "mean",
        "std",
        "energy",
        "mu",
        "beta"
      ],
      "l2": 0.0002,
      "learning_rate": 0.025,
      "model": "softmax",
      "smooth": 1,
      "window_size": 32,
      "window_start": 0
    },
    "kind": "softmax",
    "means": [
      -0.0003248692306649304,
      0.37309041021989525,
      0.987417151048897,
      0.012576491512385643,
      0.000566024884694224,
      0.0012987320345295159,
      0.0047874713895474956,
      0.0006276737925686919,
      0.24442107073079333,
      0.5049535532791198,
      0.005200520783621411,
      0.0004924862408197121,
      0.0010957465178330216,
      0.003127988384307964,
      -0.0006648419956863985,
      0.06087877166320005,
      0.19462218988155253,
      0.002872639297935544,
      0.00011906594628719761,
      0.00013020276072077432,
      0.0006952766892130348,
      0.0,
      3.1622776601683795e-05,
      0.0,
      0.0,
      0.0,
      0.0,
      0.0,
      0.0,
      3.1622776601683795e-05,
      0.0,
      0.0,
      0.0,
      0.0,
      0.0,
      0.0,
      3.1622776601683795e-05,
      0.0,
      0.0,
      0.0,
      0.0,
      0.0,
      0.00609259182606976,
      0.3787908810588194,
      0.913353305359653,
      0.010967338093098303,
      0.0007143490650822451,
      0.0014371775435183508,
      0.004697847830075861,
      0.004236268501097624,
      0.3331406962273966,
      0.9430324500334816,
      0.012319549893336265,
      0.0005652472777161638,
      0.0011335658292898263,
      0.004341248383988803
    ],
    "scales": [
      0.8642742489329647,
      0.3181990178209073,
      1.1177477600426178,
      0.01881118998746522,
      0.0013138482759761504,
      0.0023947594546313337,
      0.005325500145187748,
      0.5505369587077623,
      0.37698880299599097,
      0.7766343081116062,
      0.010981995251137881,
      0.002765454187058444,
      0.0025106650841720895,
      0.005187129246083978,
      0.4168343452908707,
      0.1310139405307101,
      0.7103245921269816,
      0.011211836218395582,
      0.0018621361609260664,
      0.0007947484917761162,
      0.0023037341754922557,
      1.0,
      1.0,
      1.0,
      1.0,
      1.0,
      1.0,
      1.0,
      1.0,
      1.0,
      1.0,
      1.0,
      1.0,
      1.0,
      1.0,
      1.0,
      1.0,
      1.0,
      1.0,
      1.0,
      1.0,
      1.0,
      0.8065779864117474,
      0.3453485296727759,
      1.1158504418507793,
      0.017589094492798645,
      0.002310980230063151,
      0.002507403812927335,
      0.0058822862068443876,
      0.8576601039542071,
      0.3105654965785033,
      1.1810877512113092,
      0.018905163536205694,
      0.00215997930129065,
      0.002254466838890814,
      0.005715545101522934
    ],